signal_date,entry_date,model,regime,n_analogs,longs,shorts,horizon,status,long_ret,short_ret,spread,realised_days
2026-08-18,2026-08-19,model_1_baseline,1,100,MU|PLTR|ORCL|USO|DRAM,SLV|TSLA|INTC|FLY|SPCX,5,matured,0.006837189711286,-0.0336169216749193,0.0404541113862053,5.0
2026-08-18,2026-08-19,model_2_horizon_trend,1,100,SNDK|MU|DRAM|TSM|LMT,ORCL|WCLD|TSLA|FLY|SPCX,10,matured,-0.0138791016597031,-0.0276341037513261,0.0137550020916229,10.0
2026-08-18,2026-08-19,model_3_overfit,1,100,SNDK|MU|DRAM|PLTR|ASML,URNM|MSFT|WCLD|TSLA|FLY,20,pending,,,,
2026-08-19,2026-08-20,model_1_baseline,1,100,USO|PLTR|XLE|WCLD|SKYY,ARM|INTC|TSLA|SPCX|FLY,5,matured,0.0246178566730804,0.0050655702158396,0.0195522864572408,5.0
2026-08-19,2026-08-20,model_2_horizon_trend,1,100,SNDK|DRAM|MU|ASML|IAU,NVDA|ORCL|TSLA|FLY|SPCX,10,matured,-0.0314900774025151,0.0423380093803762,-0.0738280867828914,10.0
2026-08-19,2026-08-20,model_3_overfit,1,100,SNDK|DRAM|MU|PLTR|ASML,URNM|ORCL|USO|TSLA|FLY,20,pending,,,,
2026-08-20,2026-08-21,model_1_baseline,0,100,SNDK|USO|ORCL|PLTR|XLE,ARM|TSLA|INTC|SPCX|FLY,5,matured,-0.0126587297611193,-0.0340462339237597,0.0213875041626404,5.0
2026-08-20,2026-08-21,model_2_horizon_trend,0,100,SNDK|MU|PLTR|SLV|TSM,TSLA|MSFT|JETS|WCLD|FLY,10,matured,0.0120874961617085,-0.0291051401248924,0.0411926362866009,10.0
2026-08-20,2026-08-21,model_3_overfit,0,100,SNDK|MU|INTC|PLTR|SLV,TLT|UUP|MSFT|WCLD|FLY,20,pending,,,,
2026-08-21,2026-08-24,model_1_baseline,0,100,MU|PLTR|ORCL|USO|DRAM,SLV|TSLA|INTC|FLY|SPCX,5,matured,0.0425824213422679,0.0037901727811964,0.0387922485610714,5.0
2026-08-21,2026-08-24,model_2_horizon_trend,0,100,SNDK|MU|DRAM|SLV|TSM,UUP|WCLD|TSLA|SPCX|FLY,10,matured,0.0784906094611081,0.0286747692433274,0.0498158402177806,10.0
2026-08-21,2026-08-24,model_3_overfit,0,100,SNDK|MU|PLTR|ASML|INTC,MSFT|TLT|WCLD|TSLA|FLY,20,pending,,,,
2026-08-24,2026-08-25,model_1_baseline,3,100,USO|PLTR|XLE|XLV|MU,TSLA|ARM|INTC|SPCX|FLY,5,matured,0.035435951958168,-0.0086791988548465,0.0441151508130146,5.0
2026-08-24,2026-08-25,model_2_horizon_trend,3,100,SNDK|DRAM|MU|INTC|SLV,WCLD|JETS|MSFT|TSLA|FLY,10,matured,0.1099904886152195,-0.0161936402958426,0.1261841289110622,10.0
2026-08-24,2026-08-25,model_3_overfit,3,100,SNDK|DRAM|MU|PLTR|ASML,ORCL|MSFT|WCLD|TSLA|FLY,20,pending,,,,
2026-08-25,2026-08-26,model_1_baseline,3,100,PLTR|MU|USO|ORCL|XLE,LMT|TSLA|INTC|FLY|SPCX,5,matured,0.0189001744962559,-0.010661369628486,0.029561544124742,5.0
2026-08-25,2026-08-26,model_2_horizon_trend,3,100,SNDK|DRAM|MU|SLV|INTC,JETS|USO|WCLD|TSLA|FLY,10,matured,0.04945248691143894,0.023264542372497584,0.026187944538941358,10.0
2026-08-25,2026-08-26,model_3_overfit,3,100,SNDK|MU|INTC|DRAM|PLTR,UUP|MSFT|WCLD|TSLA|FLY,20,pending,,,,
2026-08-27,2026-08-28,model_1_baseline,3,100,USO|PLTR|XLE|XLV|WCLD,TSLA|ARM|INTC|SPCX|FLY,5,matured,-0.0014402398101662,0.0387847553163387,-0.0402249951265049,5.0
2026-08-27,2026-08-28,model_2_horizon_trend,3,100,SNDK|DRAM|MU|ASML|SLV,USO|WCLD|SPCX|TSLA|FLY,10,pending,,,,
2026-08-27,2026-08-28,model_3_overfit,3,100,SNDK|MU|DRAM|PLTR|ASML,MSFT|WCLD|ORCL|TSLA|FLY,20,pending,,,,
2026-08-28,2026-08-31,model_1_baseline,3,100,SNDK|USO|XLE|XLV|SKYY,TSLA|INTC|ARM|SPCX|FLY,5,matured,0.0298536117000381,0.0766344107476023,-0.0467807990475642,5.0
2026-08-28,2026-08-31,model_2_horizon_trend,3,100,SNDK|MU|DRAM|SLV|ASML,JETS|WCLD|TSLA|ORCL|FLY,10,pending,,,,
2026-08-28,2026-08-31,model_3_overfit,3,100,SNDK|MU|DRAM|ASML|PLTR,URNM|REMX|WCLD|ORCL|FLY,20,pending,,,,
2026-08-31,2026-09-01,model_1_baseline,3,100,USO|PLTR|XLE|WCLD|XLV,TSLA|ARM|SPCX|INTC|FLY,5,matured,-0.0182289662087212,0.085134170717966,-0.1033631369266872,5.0
2026-08-31,2026-09-01,model_2_horizon_trend,3,100,SNDK|ARM|MU|PLTR|HACK,URA|URNM|ORCL|FLY|SPCX,10,pending,,,,
2026-08-31,2026-09-01,model_3_overfit,3,100,SNDK|MU|PLTR|DRAM|ARM,ORCL|URA|URNM|FLY|SPCX,20,pending,,,,
2026-09-01,2026-09-02,model_1_baseline,3,100,PLTR|USO|XLE|WCLD|XLV,TSLA|ARM|SPCX|INTC|FLY,5,matured,-0.0006390807237163689,0.047559931042053055,-0.04819901176576943,5.0
2026-09-01,2026-09-02,model_2_horizon_trend,3,100,SNDK|DRAM|ARM|MU|HACK,INTC|URA|URNM|FLY|SPCX,10,pending,,,,
2026-09-01,2026-09-02,model_3_overfit,3,100,SNDK|DRAM|MU|PLTR|ARM,REMX|URA|URNM|FLY|SPCX,20,pending,,,,
2026-09-02,2026-09-03,model_1_baseline,3,100,PLTR|MU|URA|ARM|ORCL,LMT|TSLA|INTC|SPCX|FLY,5,pending,,,,
2026-09-02,2026-09-03,model_2_horizon_trend,3,100,DRAM|SNDK|ARM|MU|PLTR,LMT|URNM|FLY|SLV|USO,10,pending,,,,
2026-09-02,2026-09-03,model_3_overfit,3,100,SNDK|DRAM|MU|ARM|PLTR,SLV|LMT|USO|SPCX|FLY,20,pending,,,,
2026-09-03,2026-09-04,model_1_baseline,3,100,USO|PLTR|XLE|WCLD|SKYY,XSD|TSLA|SPCX|INTC|FLY,5,pending,,,,
2026-09-03,2026-09-04,model_2_horizon_trend,3,100,DRAM|SNDK|ARM|MU|CIBR,SLV|REMX|INTC|URNM|URA,10,pending,,,,
2026-09-03,2026-09-04,model_3_overfit,3,100,SNDK|DRAM|MU|ARM|PLTR,URA|URNM|USO|REMX|FLY,20,pending,,,,
2026-09-04,2026-09-08,model_1_baseline,3,100,USO|XLE|WCLD|PLTR|XLV,XSD|SPCX|ARM|INTC|FLY,5,pending,,,,
2026-09-04,2026-09-08,model_2_horizon_trend,3,100,SNDK|ARM|MU|DRAM|PLTR,ORCL|URA|URNM|FLY|SPCX,10,pending,,,,
2026-09-04,2026-09-08,model_3_overfit,3,100,SNDK|MU|ARM|DRAM|PLTR,REMX|URNM|URA|FLY|SPCX,20,pending,,,,
2026-09-08,2026-09-09,model_1_baseline,3,100,USO|XLE|PLTR|WCLD|XLV,DRAM|SPCX|ARM|INTC|FLY,5,pending,,,,
2026-09-08,2026-09-09,model_2_horizon_trend,3,100,SNDK|DRAM|ARM|MU|PLTR,LMT|URA|INTC|URNM|TSLA,10,pending,,,,
2026-09-08,2026-09-09,model_3_overfit,3,100,SNDK|DRAM|MU|PLTR|ARM,REMX|URA|URNM|USO|FLY,20,pending,,,,
2026-09-09,2026-09-10,model_1_baseline,3,100,USO|PLTR|ORCL|XLE|MU,LMT|TSLA|SPCX|INTC|FLY,5,pending,,,,
2026-09-09,2026-09-10,model_2_horizon_trend,3,100,DRAM|ARM|MU|SNDK|PLTR,INTC|URA|URNM|REMX|USO,10,pending,,,,
2026-09-09,2026-09-10,model_3_overfit,3,100,SNDK|DRAM|MU|ARM|PLTR,LMT|UFO|REMX|USO|FLY,20,pending,,,,
2026-09-10,2026-09-11,model_1_baseline,3,100,MU|ORCL|PLTR|USO|URA,LMT|TSLA|INTC|SPCX|FLY,5,pending,,,,
2026-09-10,2026-09-11,model_2_horizon_trend,3,100,DRAM|PLTR|ARM|MU|NVDA,URNM|REMX|SLV|INTC|USO,10,pending,,,,
2026-09-10,2026-09-11,model_3_overfit,3,100,DRAM|SNDK|MU|PLTR|ARM,LMT|REMX|UFO|USO|FLY,20,pending,,,,
