date,asset,h,kind,call,net_view,tier,ess,w,dominant_source,agreement,regime,n_docs,estimate_horizon,ret_primary,ret_tradeable,status,logged_at,matured_at
2026-09-17,GLD,3,no_document,,,,,,,UNINFORMATIVE,3,0,3,0.0042834678130319,-0.0191596209571213,matured,2026-09-18 10:44 UTC,2026-10-07 13:40 UTC
2026-09-17,GLD,5,no_document,,,,,,,UNINFORMATIVE,3,0,3,-0.0168853654548262,-0.0178115207554035,matured,2026-09-18 10:44 UTC,2026-10-07 13:40 UTC
2026-09-17,GLD,20,no_document,,,,,,,UNINFORMATIVE,3,0,3,,,pending,2026-09-18 10:44 UTC,
2026-09-17,SPY,3,no_document,,,,,,,UNINFORMATIVE,3,0,3,0.0165170049742232,0.0085016730819468,matured,2026-09-18 10:44 UTC,2026-10-07 13:40 UTC
2026-09-17,SPY,5,no_document,,,,,,,UNINFORMATIVE,3,0,3,0.0084679245222711,0.0131015643615719,matured,2026-09-18 10:44 UTC,2026-10-07 13:40 UTC
2026-09-17,SPY,20,no_document,,,,,,,UNINFORMATIVE,3,0,3,,,pending,2026-09-18 10:44 UTC,
2026-09-17,TLT,3,no_document,,,,,,,UNINFORMATIVE,3,0,3,-0.0003668689296048,-0.0124747484940617,matured,2026-09-18 10:44 UTC,2026-10-07 13:40 UTC
2026-09-17,TLT,5,no_document,,,,,,,UNINFORMATIVE,3,0,3,-0.0292824812371034,-0.0267445444619841,matured,2026-09-18 10:44 UTC,2026-10-07 13:40 UTC
2026-09-17,TLT,20,no_document,,,,,,,UNINFORMATIVE,3,0,3,,,pending,2026-09-18 10:44 UTC,
2026-09-17,UUP,3,no_document,,,,,,,UNINFORMATIVE,3,0,3,0.0035174283100127,0.0070052424567317,matured,2026-09-18 10:44 UTC,2026-10-07 13:40 UTC
2026-09-17,UUP,5,no_document,,,,,,,UNINFORMATIVE,3,0,3,0.0108640064474392,0.0059576160624316,matured,2026-09-18 10:44 UTC,2026-10-07 13:40 UTC
2026-09-17,UUP,20,no_document,,,,,,,UNINFORMATIVE,3,0,3,,,pending,2026-09-18 10:44 UTC,
2026-09-17,USO,3,no_document,,,,,,,UNINFORMATIVE,3,0,3,-0.075054390286053,-0.0524852462656984,matured,2026-09-18 10:44 UTC,2026-10-07 13:40 UTC
2026-09-17,USO,5,no_document,,,,,,,UNINFORMATIVE,3,0,3,-0.0143971440396451,-0.0558504398697729,matured,2026-09-18 10:44 UTC,2026-10-07 13:40 UTC
2026-09-17,USO,20,no_document,,,,,,,UNINFORMATIVE,3,0,3,,,pending,2026-09-18 10:44 UTC,
2026-09-11,GLD,3,no_document,,,,,,,UNINFORMATIVE,3,0,3,-0.0177864525327668,0.0163748567460468,matured,2026-10-07 13:40 UTC,2026-10-07 13:40 UTC
2026-09-11,GLD,5,no_document,,,,,,,UNINFORMATIVE,3,0,3,0.0060005290598703,0.0164251103582656,matured,2026-10-07 13:40 UTC,2026-10-07 13:40 UTC
2026-09-11,GLD,20,no_document,,,,,,,UNINFORMATIVE,3,0,3,,,pending,2026-10-07 13:40 UTC,
2026-09-11,SPY,3,no_document,,,,,,,UNINFORMATIVE,3,0,3,-0.0134885728891411,0.004731902545997,matured,2026-10-07 13:40 UTC,2026-10-07 13:40 UTC
2026-09-11,SPY,5,no_document,,,,,,,UNINFORMATIVE,3,0,3,-0.0009274893841424,0.0214040522205841,matured,2026-10-07 13:40 UTC,2026-10-07 13:40 UTC
2026-09-11,SPY,20,no_document,,,,,,,UNINFORMATIVE,3,0,3,,,pending,2026-10-07 13:40 UTC,
2026-09-11,TLT,3,no_document,,,,,,,UNINFORMATIVE,3,0,3,0.0001235091060174,0.0118082355418097,matured,2026-10-07 13:40 UTC,2026-10-07 13:40 UTC
2026-09-11,TLT,5,no_document,,,,,,,UNINFORMATIVE,3,0,3,0.0046878404402435,0.0120528649351202,matured,2026-10-07 13:40 UTC,2026-10-07 13:40 UTC
2026-09-11,TLT,20,no_document,,,,,,,UNINFORMATIVE,3,0,3,,,pending,2026-10-07 13:40 UTC,
2026-09-11,UUP,3,no_document,,,,,,,UNINFORMATIVE,3,0,3,0.0116877522332917,0.0063626371619413,matured,2026-10-07 13:40 UTC,2026-10-07 13:40 UTC
2026-09-11,UUP,5,no_document,,,,,,,UNINFORMATIVE,3,0,3,0.0113355694842215,0.009880065471954,matured,2026-10-07 13:40 UTC,2026-10-07 13:40 UTC
2026-09-11,UUP,20,no_document,,,,,,,UNINFORMATIVE,3,0,3,,,pending,2026-10-07 13:40 UTC,
2026-09-11,USO,3,no_document,,,,,,,UNINFORMATIVE,3,0,3,0.0081654377551206,-0.0261818046168937,matured,2026-10-07 13:40 UTC,2026-10-07 13:40 UTC
2026-09-11,USO,5,no_document,,,,,,,UNINFORMATIVE,3,0,3,-0.0069965727754576,-0.0733121128641145,matured,2026-10-07 13:40 UTC,2026-10-07 13:40 UTC
2026-09-11,USO,20,no_document,,,,,,,UNINFORMATIVE,3,0,3,,,pending,2026-10-07 13:40 UTC,
2026-09-14,GLD,3,no_document,,,,,,,UNINFORMATIVE,3,0,3,0.0139536873241459,0.0202958774294474,matured,2026-10-07 13:40 UTC,2026-10-07 13:40 UTC
2026-09-14,GLD,5,no_document,,,,,,,UNINFORMATIVE,3,0,3,0.0140039409363649,0.0175501164436677,matured,2026-10-07 13:40 UTC,2026-10-07 13:40 UTC
2026-09-14,GLD,20,no_document,,,,,,,UNINFORMATIVE,3,0,3,,,pending,2026-10-07 13:40 UTC,
2026-09-14,SPY,3,no_document,,,,,,,UNINFORMATIVE,3,0,3,0.0022580153501738,0.0045434733446912,matured,2026-10-07 13:40 UTC,2026-10-07 13:40 UTC
2026-09-14,SPY,5,no_document,,,,,,,UNINFORMATIVE,3,0,3,0.018930165024761,0.0197743466879285,matured,2026-10-07 13:40 UTC,2026-10-07 13:40 UTC
2026-09-14,SPY,20,no_document,,,,,,,UNINFORMATIVE,3,0,3,,,pending,2026-10-07 13:40 UTC,
2026-09-14,TLT,3,no_document,,,,,,,UNINFORMATIVE,3,0,3,0.0104481041376726,0.0076600587495397,matured,2026-10-07 13:40 UTC,2026-10-07 13:40 UTC
2026-09-14,TLT,5,no_document,,,,,,,UNINFORMATIVE,3,0,3,0.0106927335309828,0.0137950366494667,matured,2026-10-07 13:40 UTC,2026-10-07 13:40 UTC
2026-09-14,TLT,20,no_document,,,,,,,UNINFORMATIVE,3,0,3,,,pending,2026-10-07 13:40 UTC,
2026-09-14,UUP,3,no_document,,,,,,,UNINFORMATIVE,3,0,3,0.0074270575639778,0.006360456426153,matured,2026-10-07 13:40 UTC,2026-10-07 13:40 UTC
2026-09-14,UUP,5,no_document,,,,,,,UNINFORMATIVE,3,0,3,0.0109444858739908,0.009525577910708,matured,2026-10-07 13:40 UTC,2026-10-07 13:40 UTC
2026-09-14,UUP,20,no_document,,,,,,,UNINFORMATIVE,3,0,3,,,pending,2026-10-07 13:40 UTC,
2026-09-14,USO,3,no_document,,,,,,,UNINFORMATIVE,3,0,3,-0.0086547714529026,-0.0290246762846873,matured,2026-10-07 13:40 UTC,2026-10-07 13:40 UTC
2026-09-14,USO,5,no_document,,,,,,,UNINFORMATIVE,3,0,3,-0.0557850797001234,-0.0944390979528127,matured,2026-10-07 13:40 UTC,2026-10-07 13:40 UTC
2026-09-14,USO,20,no_document,,,,,,,UNINFORMATIVE,3,0,3,,,pending,2026-10-07 13:40 UTC,
2026-09-15,GLD,3,no_document,,,,,,,UNINFORMATIVE,3,0,3,0.0176537790697346,-0.0013295008132153,matured,2026-10-07 13:40 UTC,2026-10-07 13:40 UTC
2026-09-15,GLD,5,no_document,,,,,,,UNINFORMATIVE,3,0,3,0.0149080180839552,-0.0152316025577706,matured,2026-10-07 13:40 UTC,2026-10-07 13:40 UTC
2026-09-15,GLD,20,no_document,,,,,,,UNINFORMATIVE,3,0,3,,,pending,2026-10-07 13:40 UTC,
2026-09-15,SPY,3,no_document,,,,,,,UNINFORMATIVE,3,0,3,0.0081414508160067,0.0207454421308429,matured,2026-10-07 13:40 UTC,2026-10-07 13:40 UTC
2026-09-15,SPY,5,no_document,,,,,,,UNINFORMATIVE,3,0,3,0.0233723241592439,0.0133620756449624,matured,2026-10-07 13:40 UTC,2026-10-07 13:40 UTC
2026-09-15,SPY,20,no_document,,,,,,,UNINFORMATIVE,3,0,3,,,pending,2026-10-07 13:40 UTC,
2026-09-15,TLT,3,no_document,,,,,,,UNINFORMATIVE,3,0,3,0.0066683413895868,0.0105691786996742,matured,2026-10-07 13:40 UTC,2026-10-07 13:40 UTC
2026-09-15,TLT,5,no_document,,,,,,,UNINFORMATIVE,3,0,3,0.0128033192895137,-0.0059479979210582,matured,2026-10-07 13:40 UTC,2026-10-07 13:40 UTC
2026-09-15,TLT,20,no_document,,,,,,,UNINFORMATIVE,3,0,3,,,pending,2026-10-07 13:40 UTC,
2026-09-15,UUP,3,no_document,,,,,,,UNINFORMATIVE,3,0,3,0.0060060268932646,0.0084626659504518,matured,2026-10-07 13:40 UTC,2026-10-07 13:40 UTC
2026-09-15,UUP,5,no_document,,,,,,,UNINFORMATIVE,3,0,3,0.0091711483778192,0.0144140253257633,matured,2026-10-07 13:40 UTC,2026-10-07 13:40 UTC
2026-09-15,UUP,20,no_document,,,,,,,UNINFORMATIVE,3,0,3,,,pending,2026-10-07 13:40 UTC,
2026-09-15,USO,3,no_document,,,,,,,UNINFORMATIVE,3,0,3,-0.0509486325939939,-0.0725591786447959,matured,2026-10-07 13:40 UTC,2026-10-07 13:40 UTC
2026-09-15,USO,5,no_document,,,,,,,UNINFORMATIVE,3,0,3,-0.1163630542621192,-0.068047246975864,matured,2026-10-07 13:40 UTC,2026-10-07 13:40 UTC
2026-09-15,USO,20,no_document,,,,,,,UNINFORMATIVE,3,0,3,,,pending,2026-10-07 13:40 UTC,
2026-09-16,GLD,3,call,-1.0,-0.2,3.0,26.91465446956172,0.0,fomc_statement,DISCORDANT,3,1,3,0.0168080064060451,-0.000524749068021,matured,2026-10-07 13:40 UTC,2026-10-07 13:40 UTC
2026-09-16,GLD,5,call,-1.0,-0.2,3.0,26.91465446956172,0.0,fomc_statement,DISCORDANT,3,1,3,0.0029059046614902,-0.0216935823358792,matured,2026-10-07 13:40 UTC,2026-10-07 13:40 UTC
2026-09-16,GLD,20,call,-1.0,-0.2,3.0,26.91465446956172,0.0,fomc_statement,DISCORDANT,3,1,3,,,pending,2026-10-07 13:40 UTC,
2026-09-16,SPY,3,call,-1.0,-0.2999999999999999,3.0,54.97140635260787,0.0787136269018667,fomc_statement,DISCORDANT,3,1,3,0.0279471015485998,0.0157959840311399,matured,2026-10-07 13:40 UTC,2026-10-07 13:40 UTC
2026-09-16,SPY,5,call,-1.0,-0.2999999999999999,3.0,54.97140635260787,0.0787136269018667,fomc_statement,DISCORDANT,3,1,3,0.0205637350627191,0.0077469035791881,matured,2026-10-07 13:40 UTC,2026-10-07 13:40 UTC
2026-09-16,SPY,20,call,-1.0,-0.2999999999999999,3.0,54.97140635260787,0.0787136269018667,fomc_statement,DISCORDANT,3,1,3,,,pending,2026-10-07 13:40 UTC,
2026-09-16,TLT,3,call,-1.0,-0.2999999999999999,2.0,27.247714430304807,0.5548621956847838,fomc_statement,CONCORDANT,3,1,3,0.0113108075570681,0.0025721224611597,matured,2026-10-07 13:40 UTC,2026-10-07 13:40 UTC
2026-09-16,TLT,5,call,-1.0,-0.2999999999999999,2.0,27.247714430304807,0.5548621956847838,fomc_statement,CONCORDANT,3,1,3,-0.0052063690636643,-0.0263434898463388,matured,2026-10-07 13:40 UTC,2026-10-07 13:40 UTC
2026-09-16,TLT,20,call,-1.0,-0.2999999999999999,2.0,27.247714430304807,0.5548621956847838,fomc_statement,CONCORDANT,3,1,3,,,pending,2026-10-07 13:40 UTC,
2026-09-16,UUP,3,call,1.0,0.2999999999999999,2.0,47.627615170545816,0.5296349848650898,fomc_statement,CONCORDANT,3,1,3,0.0028129387354844,0.0038697920681326,matured,2026-10-07 13:40 UTC,2026-10-07 13:40 UTC
2026-09-16,UUP,5,call,1.0,0.2999999999999999,2.0,47.627615170545816,0.5296349848650898,fomc_statement,CONCORDANT,3,1,3,0.0087642981107961,0.0112163702055588,matured,2026-10-07 13:40 UTC,2026-10-07 13:40 UTC
2026-09-16,UUP,20,call,1.0,0.2999999999999999,2.0,47.627615170545816,0.5296349848650898,fomc_statement,CONCORDANT,3,1,3,,,pending,2026-10-07 13:40 UTC,
2026-09-16,USO,3,call,-1.0,-0.1,2.0,10.703789479638454,0.5625733388753237,fomc_statement,DISCORDANT,3,1,3,-0.0526523501598716,-0.0672330683572706,matured,2026-10-07 13:40 UTC,2026-10-07 13:40 UTC
2026-09-16,USO,5,call,-1.0,-0.1,2.0,10.703789479638454,0.5625733388753237,fomc_statement,DISCORDANT,3,1,3,-0.0481404184909394,-0.006575822110863,matured,2026-10-07 13:40 UTC,2026-10-07 13:40 UTC
2026-09-16,USO,20,call,-1.0,-0.1,2.0,10.703789479638454,0.5625733388753237,fomc_statement,DISCORDANT,3,1,3,,,pending,2026-10-07 13:40 UTC,
2026-09-18,GLD,3,no_document,,,,,,,UNINFORMATIVE,3,0,3,-0.0208810769311469,-0.0214187735393839,matured,2026-10-07 13:40 UTC,2026-10-07 13:40 UTC
2026-09-18,GLD,5,no_document,,,,,,,UNINFORMATIVE,3,0,3,-0.0195329767294293,-0.0572334086533883,matured,2026-10-07 13:40 UTC,2026-10-07 13:40 UTC
2026-09-18,GLD,20,no_document,,,,,,,UNINFORMATIVE,3,0,3,,,pending,2026-10-07 13:40 UTC,
2026-09-18,SPY,3,no_document,,,,,,,UNINFORMATIVE,3,0,3,0.0080026515577203,0.0012129576103839,matured,2026-10-07 13:40 UTC,2026-10-07 13:40 UTC
2026-09-18,SPY,5,no_document,,,,,,,UNINFORMATIVE,3,0,3,0.0126025428373453,-0.0008356046790146,matured,2026-10-07 13:40 UTC,2026-10-07 13:40 UTC
2026-09-18,SPY,20,no_document,,,,,,,UNINFORMATIVE,3,0,3,,,pending,2026-10-07 13:40 UTC,
2026-09-18,TLT,3,no_document,,,,,,,UNINFORMATIVE,3,0,3,-0.0097707003978904,-0.0285486146012115,matured,2026-10-07 13:40 UTC,2026-10-07 13:40 UTC
2026-09-18,TLT,5,no_document,,,,,,,UNINFORMATIVE,3,0,3,-0.0240404963658128,-0.0386726250130025,matured,2026-10-07 13:40 UTC,2026-10-07 13:40 UTC
2026-09-18,TLT,20,no_document,,,,,,,UNINFORMATIVE,3,0,3,,,pending,2026-10-07 13:40 UTC,
2026-09-18,UUP,3,no_document,,,,,,,UNINFORMATIVE,3,0,3,0.0091164808598663,0.0101595168729109,matured,2026-10-07 13:40 UTC,2026-10-07 13:40 UTC
2026-09-18,UUP,5,no_document,,,,,,,UNINFORMATIVE,3,0,3,0.0080688544655663,0.0105080176137037,matured,2026-10-07 13:40 UTC,2026-10-07 13:40 UTC
2026-09-18,UUP,20,no_document,,,,,,,UNINFORMATIVE,3,0,3,,,pending,2026-10-07 13:40 UTC,
2026-09-18,USO,3,no_document,,,,,,,UNINFORMATIVE,3,0,3,-0.0329784079603612,0.0278853146917432,matured,2026-10-07 13:40 UTC,2026-10-07 13:40 UTC
2026-09-18,USO,5,no_document,,,,,,,UNINFORMATIVE,3,0,3,-0.0363436015644356,0.0075612767911835,matured,2026-10-07 13:40 UTC,2026-10-07 13:40 UTC
2026-09-18,USO,20,no_document,,,,,,,UNINFORMATIVE,3,0,3,,,pending,2026-10-07 13:40 UTC,
2026-09-21,GLD,3,no_document,,,,,,,UNINFORMATIVE,3,0,3,-0.0169356190670452,-0.0092602716470559,matured,2026-10-07 13:40 UTC,2026-10-07 13:40 UTC
2026-09-21,GLD,5,no_document,,,,,,,UNINFORMATIVE,3,0,3,-0.0527502541810495,-0.0363648260877478,matured,2026-10-07 13:40 UTC,2026-10-07 13:40 UTC
2026-09-21,GLD,20,no_document,,,,,,,UNINFORMATIVE,3,0,3,,,pending,2026-10-07 13:40 UTC,
2026-09-21,SPY,3,no_document,,,,,,,UNINFORMATIVE,3,0,3,-0.008204225152316,-0.0034684755714386,matured,2026-10-07 13:40 UTC,2026-10-07 13:40 UTC
2026-09-21,SPY,5,no_document,,,,,,,UNINFORMATIVE,3,0,3,-0.0102527874417148,-0.0127811193918966,matured,2026-10-07 13:40 UTC,2026-10-07 13:40 UTC
2026-09-21,SPY,20,no_document,,,,,,,UNINFORMATIVE,3,0,3,,,pending,2026-10-07 13:40 UTC,
2026-09-21,TLT,3,no_document,,,,,,,UNINFORMATIVE,3,0,3,-0.0295271106304136,-0.0318865403171636,matured,2026-10-07 13:40 UTC,2026-10-07 13:40 UTC
2026-09-21,TLT,5,no_document,,,,,,,UNINFORMATIVE,3,0,3,-0.0396511210422044,-0.0457235999662467,matured,2026-10-07 13:40 UTC,2026-10-07 13:40 UTC
2026-09-21,TLT,20,no_document,,,,,,,UNINFORMATIVE,3,0,3,,,pending,2026-10-07 13:40 UTC,
2026-09-21,UUP,3,no_document,,,,,,,UNINFORMATIVE,3,0,3,0.0073465781374263,0.0052549262798901,matured,2026-10-07 13:40 UTC,2026-10-07 13:40 UTC
2026-09-21,UUP,5,no_document,,,,,,,UNINFORMATIVE,3,0,3,0.0076950788782192,0.0097868900716259,matured,2026-10-07 13:40 UTC,2026-10-07 13:40 UTC
2026-09-21,UUP,20,no_document,,,,,,,UNINFORMATIVE,3,0,3,,,pending,2026-10-07 13:40 UTC,
2026-09-21,USO,3,no_document,,,,,,,UNINFORMATIVE,3,0,3,0.0327331642075758,0.0198821699698785,matured,2026-10-07 13:40 UTC,2026-10-07 13:40 UTC
2026-09-21,USO,5,no_document,,,,,,,UNINFORMATIVE,3,0,3,0.012409126307016,-0.0142681288030145,matured,2026-10-07 13:40 UTC,2026-10-07 13:40 UTC
2026-09-21,USO,20,no_document,,,,,,,UNINFORMATIVE,3,0,3,,,pending,2026-10-07 13:40 UTC,
2026-09-22,GLD,3,no_document,,,,,,,UNINFORMATIVE,3,0,3,-0.0167872157436499,-0.0450647434621731,matured,2026-10-07 13:40 UTC,2026-10-07 13:40 UTC
2026-09-22,GLD,5,no_document,,,,,,,UNINFORMATIVE,3,0,3,-0.0438917701843414,-0.0373414953833049,matured,2026-10-07 13:40 UTC,2026-10-07 13:40 UTC
2026-09-22,GLD,20,no_document,,,,,,,UNINFORMATIVE,3,0,3,,,pending,2026-10-07 13:40 UTC,
2026-09-22,SPY,3,no_document,,,,,,,UNINFORMATIVE,3,0,3,-0.0026283305058916,-0.0093344318516931,matured,2026-10-07 13:40 UTC,2026-10-07 13:40 UTC
2026-09-22,SPY,5,no_document,,,,,,,UNINFORMATIVE,3,0,3,-0.0119409743263499,-0.0132343222677331,matured,2026-10-07 13:40 UTC,2026-10-07 13:40 UTC
2026-09-22,SPY,20,no_document,,,,,,,UNINFORMATIVE,3,0,3,,,pending,2026-10-07 13:40 UTC,
2026-09-22,TLT,3,no_document,,,,,,,UNINFORMATIVE,3,0,3,-0.0301754742657397,-0.0357314218365782,matured,2026-10-07 13:40 UTC,2026-10-07 13:40 UTC
2026-09-22,TLT,5,no_document,,,,,,,UNINFORMATIVE,3,0,3,-0.0440125339148227,-0.0464733275962069,matured,2026-10-07 13:40 UTC,2026-10-07 13:40 UTC
2026-09-22,TLT,20,no_document,,,,,,,UNINFORMATIVE,3,0,3,,,pending,2026-10-07 13:40 UTC,
2026-09-22,UUP,3,no_document,,,,,,,UNINFORMATIVE,3,0,3,0.0049037329810117,0.0045399437878361,matured,2026-10-07 13:40 UTC,2026-10-07 13:40 UTC
2026-09-22,UUP,5,no_document,,,,,,,UNINFORMATIVE,3,0,3,0.0094356967727474,0.0069759879136072,matured,2026-10-07 13:40 UTC,2026-10-07 13:40 UTC
2026-09-22,UUP,20,no_document,,,,,,,UNINFORMATIVE,3,0,3,,,pending,2026-10-07 13:40 UTC,
2026-09-22,USO,3,no_document,,,,,,,UNINFORMATIVE,3,0,3,0.0290708201036899,0.0219033598646376,matured,2026-10-07 13:40 UTC,2026-10-07 13:40 UTC
2026-09-22,USO,5,no_document,,,,,,,UNINFORMATIVE,3,0,3,-0.0050794786692031,-0.0075233981262496,matured,2026-10-07 13:40 UTC,2026-10-07 13:40 UTC
2026-09-22,USO,20,no_document,,,,,,,UNINFORMATIVE,3,0,3,,,pending,2026-10-07 13:40 UTC,
2026-09-23,GLD,3,no_document,,,,,,,UNINFORMATIVE,3,0,3,-0.0388481524364947,-0.0234119920468535,matured,2026-10-07 13:40 UTC,2026-10-07 13:40 UTC
2026-09-23,GLD,5,no_document,,,,,,,UNINFORMATIVE,3,0,3,-0.0311249043576261,-0.0237515855423579,matured,2026-10-07 13:40 UTC,2026-10-07 13:40 UTC
2026-09-23,GLD,20,no_document,,,,,,,UNINFORMATIVE,3,0,3,,,pending,2026-10-07 13:40 UTC,
2026-09-23,SPY,3,no_document,,,,,,,UNINFORMATIVE,3,0,3,-0.0028694209558341,0.0001701333945763,matured,2026-10-07 13:40 UTC,2026-10-07 13:40 UTC
2026-09-23,SPY,5,no_document,,,,,,,UNINFORMATIVE,3,0,3,-0.0067693113718742,-0.000104730298607,matured,2026-10-07 13:40 UTC,2026-10-07 13:40 UTC
2026-09-23,SPY,20,no_document,,,,,,,UNINFORMATIVE,3,0,3,,,pending,2026-10-07 13:40 UTC,
2026-09-23,TLT,3,no_document,,,,,,,UNINFORMATIVE,3,0,3,-0.023133944421472,-0.0267387921526718,matured,2026-10-07 13:40 UTC,2026-10-07 13:40 UTC
2026-09-23,TLT,5,no_document,,,,,,,UNINFORMATIVE,3,0,3,-0.0338758501811008,-0.0293887285972445,matured,2026-10-07 13:40 UTC,2026-10-07 13:40 UTC
2026-09-23,TLT,20,no_document,,,,,,,UNINFORMATIVE,3,0,3,,,pending,2026-10-07 13:40 UTC,
2026-09-23,UUP,3,no_document,,,,,,,UNINFORMATIVE,3,0,3,0.0017437195029076,0.0013923049991838,matured,2026-10-07 13:40 UTC,2026-10-07 13:40 UTC
2026-09-23,UUP,5,no_document,,,,,,,UNINFORMATIVE,3,0,3,0.0041797636286789,0.008670073659826,matured,2026-10-07 13:40 UTC,2026-10-07 13:40 UTC
2026-09-23,UUP,20,no_document,,,,,,,UNINFORMATIVE,3,0,3,,,pending,2026-10-07 13:40 UTC,
2026-09-23,USO,3,no_document,,,,,,,UNINFORMATIVE,3,0,3,0.0078971946380841,-0.0527188175576955,matured,2026-10-07 13:40 UTC,2026-10-07 13:40 UTC
2026-09-23,USO,5,no_document,,,,,,,UNINFORMATIVE,3,0,3,-0.021529563352803,-0.0072394054440242,matured,2026-10-07 13:40 UTC,2026-10-07 13:40 UTC
2026-09-23,USO,20,no_document,,,,,,,UNINFORMATIVE,3,0,3,,,pending,2026-10-07 13:40 UTC,
2026-09-24,GLD,3,no_document,,,,,,,UNINFORMATIVE,3,0,3,-0.0227229369164834,-0.0294180590442907,matured,2026-10-07 13:40 UTC,2026-10-07 13:40 UTC
2026-09-24,GLD,5,no_document,,,,,,,UNINFORMATIVE,3,0,3,-0.0230625304119876,-0.0312577443888938,matured,2026-10-07 13:40 UTC,2026-10-07 13:40 UTC
2026-09-24,GLD,20,no_document,,,,,,,UNINFORMATIVE,3,0,3,,,pending,2026-10-07 13:40 UTC,
2026-09-24,SPY,3,no_document,,,,,,,UNINFORMATIVE,3,0,3,-0.0038918938743978,-0.0080318887024415,matured,2026-10-07 13:40 UTC,2026-10-07 13:40 UTC
2026-09-24,SPY,5,no_document,,,,,,,UNINFORMATIVE,3,0,3,-0.004166757567581,0.0011180112278506,matured,2026-10-07 13:40 UTC,2026-10-07 13:40 UTC
2026-09-24,SPY,20,no_document,,,,,,,UNINFORMATIVE,3,0,3,,,pending,2026-10-07 13:40 UTC,
2026-09-24,TLT,3,no_document,,,,,,,UNINFORMATIVE,3,0,3,-0.0150969216073241,-0.0202362521165551,matured,2026-10-07 13:40 UTC,2026-10-07 13:40 UTC
2026-09-24,TLT,5,no_document,,,,,,,UNINFORMATIVE,3,0,3,-0.0177468580518967,-0.0200812495716032,matured,2026-10-07 13:40 UTC,2026-10-07 13:40 UTC
2026-09-24,TLT,20,no_document,,,,,,,UNINFORMATIVE,3,0,3,,,pending,2026-10-07 13:40 UTC,
2026-09-24,UUP,3,no_document,,,,,,,UNINFORMATIVE,3,0,3,0.0020891186353209,0.0052273900229786,matured,2026-10-07 13:40 UTC,2026-10-07 13:40 UTC
2026-09-24,UUP,5,no_document,,,,,,,UNINFORMATIVE,3,0,3,0.0093668872959634,0.0093896898997784,matured,2026-10-07 13:40 UTC,2026-10-07 13:40 UTC
2026-09-24,UUP,20,no_document,,,,,,,UNINFORMATIVE,3,0,3,,,pending,2026-10-07 13:40 UTC,
2026-09-24,USO,3,no_document,,,,,,,UNINFORMATIVE,3,0,3,-0.0657367249156111,-0.0280926443013478,matured,2026-10-07 13:40 UTC,2026-10-07 13:40 UTC
2026-09-24,USO,5,no_document,,,,,,,UNINFORMATIVE,3,0,3,-0.0202573128019396,-0.0164214101404508,matured,2026-10-07 13:40 UTC,2026-10-07 13:40 UTC
2026-09-24,USO,20,no_document,,,,,,,UNINFORMATIVE,3,0,3,,,pending,2026-10-07 13:40 UTC,
2026-09-25,GLD,3,no_document,,,,,,,UNINFORMATIVE,3,0,3,-0.0324730045593438,0.0078686864664482,matured,2026-10-07 13:40 UTC,2026-10-07 13:40 UTC
2026-09-25,GLD,5,no_document,,,,,,,UNINFORMATIVE,3,0,3,-0.0343126899039469,-0.0005531916573927,matured,2026-10-07 13:40 UTC,2026-10-07 13:40 UTC
2026-09-25,GLD,20,no_document,,,,,,,UNINFORMATIVE,3,0,3,,,pending,2026-10-07 13:40 UTC,
2026-09-25,SPY,3,no_document,,,,,,,UNINFORMATIVE,3,0,3,-0.0113692026514992,-0.0056906394334535,matured,2026-10-07 13:40 UTC,2026-10-07 13:40 UTC
2026-09-25,SPY,5,no_document,,,,,,,UNINFORMATIVE,3,0,3,-0.0022193027212069,0.0083983457824174,matured,2026-10-07 13:40 UTC,2026-10-07 13:40 UTC
2026-09-25,SPY,20,no_document,,,,,,,UNINFORMATIVE,3,0,3,,,pending,2026-10-07 13:40 UTC,
2026-09-25,TLT,3,no_document,,,,,,,UNINFORMATIVE,3,0,3,-0.0196060542131784,-0.0080043416166525,matured,2026-10-07 13:40 UTC,2026-10-07 13:40 UTC
2026-09-25,TLT,5,no_document,,,,,,,UNINFORMATIVE,3,0,3,-0.0194510516682264,-0.0157552972962655,matured,2026-10-07 13:40 UTC,2026-10-07 13:40 UTC
2026-09-25,TLT,20,no_document,,,,,,,UNINFORMATIVE,3,0,3,,,pending,2026-10-07 13:40 UTC,
2026-09-25,UUP,3,no_document,,,,,,,UNINFORMATIVE,3,0,3,0.0052273900229786,0.0090183865551705,matured,2026-10-07 13:40 UTC,2026-10-07 13:40 UTC
2026-09-25,UUP,5,no_document,,,,,,,UNINFORMATIVE,3,0,3,0.0093896898997784,0.0100537856895333,matured,2026-10-07 13:40 UTC,2026-10-07 13:40 UTC
2026-09-25,UUP,20,no_document,,,,,,,UNINFORMATIVE,3,0,3,,,pending,2026-10-07 13:40 UTC,
2026-09-25,USO,3,no_document,,,,,,,UNINFORMATIVE,3,0,3,-0.0181643697487287,-0.0123879236107831,matured,2026-10-07 13:40 UTC,2026-10-07 13:40 UTC
2026-09-25,USO,5,no_document,,,,,,,UNINFORMATIVE,3,0,3,-0.0064931355878315,-0.0534126797617483,matured,2026-10-07 13:40 UTC,2026-10-07 13:40 UTC
2026-09-25,USO,20,no_document,,,,,,,UNINFORMATIVE,3,0,3,,,pending,2026-10-07 13:40 UTC,
2026-09-28,GLD,3,no_document,,,,,,,UNINFORMATIVE,3,0,3,0.0127521047020166,-0.0021022443622995,matured,2026-10-07 13:40 UTC,2026-10-07 13:40 UTC
2026-09-28,GLD,5,no_document,,,,,,,UNINFORMATIVE,3,0,3,0.0043302265781756,0.0034852476603542,matured,2026-10-07 13:40 UTC,2026-10-07 13:40 UTC
2026-09-28,GLD,20,no_document,,,,,,,UNINFORMATIVE,3,0,3,,,pending,2026-10-07 13:40 UTC,
2026-09-28,SPY,3,no_document,,,,,,,UNINFORMATIVE,3,0,3,-0.0021181952781822,0.0036577357624533,matured,2026-10-07 13:40 UTC,2026-10-07 13:40 UTC
2026-09-28,SPY,5,no_document,,,,,,,UNINFORMATIVE,3,0,3,0.0119707899376883,0.0158614500787281,matured,2026-10-07 13:40 UTC,2026-10-07 13:40 UTC
2026-09-28,SPY,20,no_document,,,,,,,UNINFORMATIVE,3,0,3,,,pending,2026-10-07 13:40 UTC,
2026-09-28,TLT,3,no_document,,,,,,,UNINFORMATIVE,3,0,3,-0.0076228476401059,-0.0093140700667441,matured,2026-10-07 13:40 UTC,2026-10-07 13:40 UTC
2026-09-28,TLT,5,no_document,,,,,,,UNINFORMATIVE,3,0,3,-0.0153738033197189,-0.011898777823577,matured,2026-10-07 13:40 UTC,2026-10-07 13:40 UTC
2026-09-28,TLT,20,no_document,,,,,,,UNINFORMATIVE,3,0,3,,,pending,2026-10-07 13:40 UTC,
2026-09-28,UUP,3,no_document,,,,,,,UNINFORMATIVE,3,0,3,0.0090183865551705,0.0055536362935027,matured,2026-10-07 13:40 UTC,2026-10-07 13:40 UTC
2026-09-28,UUP,5,no_document,,,,,,,UNINFORMATIVE,3,0,3,0.0100537856895331,0.0058997248608425,matured,2026-10-07 13:40 UTC,2026-10-07 13:40 UTC
2026-09-28,UUP,20,no_document,,,,,,,UNINFORMATIVE,3,0,3,,,pending,2026-10-07 13:40 UTC,
2026-09-28,USO,3,no_document,,,,,,,UNINFORMATIVE,3,0,3,6.672509862005572e-05,0.0132515772650405,matured,2026-10-07 13:40 UTC,2026-10-07 13:40 UTC
2026-09-28,USO,5,no_document,,,,,,,UNINFORMATIVE,3,0,3,-0.040958031052345,-0.0035819354976699,matured,2026-10-07 13:40 UTC,2026-10-07 13:40 UTC
2026-09-28,USO,20,no_document,,,,,,,UNINFORMATIVE,3,0,3,,,pending,2026-10-07 13:40 UTC,
2026-09-29,GLD,3,no_document,,,,,,,UNINFORMATIVE,3,0,3,-0.0072081354632554,-0.0126713919969388,matured,2026-10-07 13:40 UTC,2026-10-07 13:40 UTC
2026-09-29,GLD,5,no_document,,,,,,,UNINFORMATIVE,3,0,3,-0.0016206434406016,-0.0258122546889685,matured,2026-10-07 13:40 UTC,2026-10-07 13:40 UTC
2026-09-29,GLD,20,no_document,,,,,,,UNINFORMATIVE,3,0,3,,,pending,2026-10-07 13:40 UTC,
2026-09-29,SPY,3,no_document,,,,,,,UNINFORMATIVE,3,0,3,0.0070933410992514,0.0108741919702632,matured,2026-10-07 13:40 UTC,2026-10-07 13:40 UTC
2026-09-29,SPY,5,no_document,,,,,,,UNINFORMATIVE,3,0,3,0.0192970554155257,0.0114676440287465,matured,2026-10-07 13:40 UTC,2026-10-07 13:40 UTC
2026-09-29,SPY,20,no_document,,,,,,,UNINFORMATIVE,3,0,3,,,pending,2026-10-07 13:40 UTC,
2026-09-29,TLT,3,no_document,,,,,,,UNINFORMATIVE,3,0,3,-0.0056139920191435,-0.0095056391153307,matured,2026-10-07 13:40 UTC,2026-10-07 13:40 UTC
2026-09-29,TLT,5,no_document,,,,,,,UNINFORMATIVE,3,0,3,-0.0081986997759764,-0.0180362644659782,matured,2026-10-07 13:40 UTC,2026-10-07 13:40 UTC
2026-09-29,TLT,20,no_document,,,,,,,UNINFORMATIVE,3,0,3,,,pending,2026-10-07 13:40 UTC,
2026-09-29,UUP,3,no_document,,,,,,,UNINFORMATIVE,3,0,3,0.0048577261080426,0.0107509086662273,matured,2026-10-07 13:40 UTC,2026-10-07 13:40 UTC
2026-09-29,UUP,5,no_document,,,,,,,UNINFORMATIVE,3,0,3,0.0052038146753823,0.0135066777006843,matured,2026-10-07 13:40 UTC,2026-10-07 13:40 UTC
2026-09-29,UUP,20,no_document,,,,,,,UNINFORMATIVE,3,0,3,,,pending,2026-10-07 13:40 UTC,
2026-09-29,USO,3,no_document,,,,,,,UNINFORMATIVE,3,0,3,0.0276571631850615,-0.0218444778644551,matured,2026-10-07 13:40 UTC,2026-10-07 13:40 UTC
2026-09-29,USO,5,no_document,,,,,,,UNINFORMATIVE,3,0,3,0.0108236504223511,-0.0030964642843917,matured,2026-10-07 13:40 UTC,2026-10-07 13:40 UTC
2026-09-29,USO,20,no_document,,,,,,,UNINFORMATIVE,3,0,3,,,pending,2026-10-07 13:40 UTC,
2026-09-30,GLD,3,no_document,,,,,,,UNINFORMATIVE,3,0,3,-0.0033930215006928,0.0009421481369335,matured,2026-10-07 13:40 UTC,2026-10-07 13:40 UTC
2026-09-30,GLD,5,no_document,,,,,,,UNINFORMATIVE,3,0,3,-0.0165338841927225,,matured,2026-10-07 13:40 UTC,2026-10-07 13:40 UTC
2026-09-30,GLD,20,no_document,,,,,,,UNINFORMATIVE,3,0,3,,,pending,2026-10-07 13:40 UTC,
2026-09-30,SPY,3,no_document,,,,,,,UNINFORMATIVE,3,0,3,0.0158706803537284,0.0190877431930802,matured,2026-10-07 13:40 UTC,2026-10-07 13:40 UTC
2026-09-30,SPY,5,no_document,,,,,,,UNINFORMATIVE,3,0,3,0.0164641324122117,,matured,2026-10-07 13:40 UTC,2026-10-07 13:40 UTC
2026-09-30,SPY,20,no_document,,,,,,,UNINFORMATIVE,3,0,3,,,pending,2026-10-07 13:40 UTC,
2026-09-30,TLT,3,no_document,,,,,,,UNINFORMATIVE,3,0,3,-0.0046318975600902,0.0044092450529656,matured,2026-10-07 13:40 UTC,2026-10-07 13:40 UTC
2026-09-30,TLT,5,no_document,,,,,,,UNINFORMATIVE,3,0,3,-0.0131625229107376,,matured,2026-10-07 13:40 UTC,2026-10-07 13:40 UTC
2026-09-30,TLT,20,no_document,,,,,,,UNINFORMATIVE,3,0,3,,,pending,2026-10-07 13:40 UTC,
2026-09-30,UUP,3,no_document,,,,,,,UNINFORMATIVE,3,0,3,0.0076177415637618,0.0003460885673397,matured,2026-10-07 13:40 UTC,2026-10-07 13:40 UTC
2026-09-30,UUP,5,no_document,,,,,,,UNINFORMATIVE,3,0,3,0.0103735105982192,,matured,2026-10-07 13:40 UTC,2026-10-07 13:40 UTC
2026-09-30,UUP,20,no_document,,,,,,,UNINFORMATIVE,3,0,3,,,pending,2026-10-07 13:40 UTC,
2026-09-30,USO,3,no_document,,,,,,,UNINFORMATIVE,3,0,3,-0.0115312730614578,-0.0064658528321804,matured,2026-10-07 13:40 UTC,2026-10-07 13:40 UTC
2026-09-30,USO,5,no_document,,,,,,,UNINFORMATIVE,3,0,3,0.0072167405186054,,matured,2026-10-07 13:40 UTC,2026-10-07 13:40 UTC
2026-09-30,USO,20,no_document,,,,,,,UNINFORMATIVE,3,0,3,,,pending,2026-10-07 13:40 UTC,
2026-10-01,GLD,3,no_document,,,,,,,UNINFORMATIVE,3,0,3,-0.0012810499450975,-0.0259683276212297,matured,2026-10-07 13:40 UTC,2026-10-07 13:40 UTC
2026-10-01,GLD,5,no_document,,,,,,,UNINFORMATIVE,3,0,3,,,pending,2026-10-07 13:40 UTC,
2026-10-01,GLD,20,no_document,,,,,,,UNINFORMATIVE,3,0,3,,,pending,2026-10-07 13:40 UTC,
2026-10-01,SPY,3,no_document,,,,,,,UNINFORMATIVE,3,0,3,0.019571919108709,0.0060936243366625,matured,2026-10-07 13:40 UTC,2026-10-07 13:40 UTC
2026-10-01,SPY,5,no_document,,,,,,,UNINFORMATIVE,3,0,3,,,pending,2026-10-07 13:40 UTC,
2026-10-01,SPY,20,no_document,,,,,,,UNINFORMATIVE,3,0,3,,,pending,2026-10-07 13:40 UTC,
2026-10-01,TLT,3,no_document,,,,,,,UNINFORMATIVE,3,0,3,-0.0055487633314037,-0.0192369748251805,matured,2026-10-07 13:40 UTC,2026-10-07 13:40 UTC
2026-10-01,TLT,5,no_document,,,,,,,UNINFORMATIVE,3,0,3,,,pending,2026-10-07 13:40 UTC,
2026-10-01,TLT,20,no_document,,,,,,,UNINFORMATIVE,3,0,3,,,pending,2026-10-07 13:40 UTC,
2026-10-01,UUP,3,no_document,,,,,,,UNINFORMATIVE,3,0,3,-0.0020739539852602,0.0058651221540797,matured,2026-10-07 13:40 UTC,2026-10-07 13:40 UTC
2026-10-01,UUP,5,no_document,,,,,,,UNINFORMATIVE,3,0,3,,,pending,2026-10-07 13:40 UTC,
2026-10-01,UUP,20,no_document,,,,,,,UNINFORMATIVE,3,0,3,,,pending,2026-10-07 13:40 UTC,
2026-10-01,USO,3,no_document,,,,,,,UNINFORMATIVE,3,0,3,-0.0346557616913204,0.0217388551766307,matured,2026-10-07 13:40 UTC,2026-10-07 13:40 UTC
2026-10-01,USO,5,no_document,,,,,,,UNINFORMATIVE,3,0,3,,,pending,2026-10-07 13:40 UTC,
2026-10-01,USO,20,no_document,,,,,,,UNINFORMATIVE,3,0,3,,,pending,2026-10-07 13:40 UTC,
2026-10-02,GLD,3,no_document,,,,,,,UNINFORMATIVE,3,0,3,-0.0146941988481194,,matured,2026-10-07 13:40 UTC,2026-10-07 13:40 UTC
2026-10-02,GLD,5,no_document,,,,,,,UNINFORMATIVE,3,0,3,,,pending,2026-10-07 13:40 UTC,
2026-10-02,GLD,20,no_document,,,,,,,UNINFORMATIVE,3,0,3,,,pending,2026-10-07 13:40 UTC,
2026-10-02,SPY,3,no_document,,,,,,,UNINFORMATIVE,3,0,3,0.0073142324819194,,matured,2026-10-07 13:40 UTC,2026-10-07 13:40 UTC
2026-10-02,SPY,5,no_document,,,,,,,UNINFORMATIVE,3,0,3,,,pending,2026-10-07 13:40 UTC,
2026-10-02,SPY,20,no_document,,,,,,,UNINFORMATIVE,3,0,3,,,pending,2026-10-07 13:40 UTC,
2026-10-02,TLT,3,no_document,,,,,,,UNINFORMATIVE,3,0,3,-0.0133175254556895,,matured,2026-10-07 13:40 UTC,2026-10-07 13:40 UTC
2026-10-02,TLT,5,no_document,,,,,,,UNINFORMATIVE,3,0,3,,,pending,2026-10-07 13:40 UTC,
2026-10-02,TLT,20,no_document,,,,,,,UNINFORMATIVE,3,0,3,,,pending,2026-10-07 13:40 UTC,
2026-10-02,UUP,3,no_document,,,,,,,UNINFORMATIVE,3,0,3,0.0062112107214194,,matured,2026-10-07 13:40 UTC,2026-10-07 13:40 UTC
2026-10-02,UUP,5,no_document,,,,,,,UNINFORMATIVE,3,0,3,,,pending,2026-10-07 13:40 UTC,
2026-10-02,UUP,20,no_document,,,,,,,UNINFORMATIVE,3,0,3,,,pending,2026-10-07 13:40 UTC,
2026-10-02,USO,3,no_document,,,,,,,UNINFORMATIVE,3,0,3,-0.0044544936422917,,matured,2026-10-07 13:40 UTC,2026-10-07 13:40 UTC
2026-10-02,USO,5,no_document,,,,,,,UNINFORMATIVE,3,0,3,,,pending,2026-10-07 13:40 UTC,
2026-10-02,USO,20,no_document,,,,,,,UNINFORMATIVE,3,0,3,,,pending,2026-10-07 13:40 UTC,
2026-10-05,GLD,3,no_document,,,,,,,UNINFORMATIVE,3,0,3,,,pending,2026-10-07 13:40 UTC,
2026-10-05,GLD,5,no_document,,,,,,,UNINFORMATIVE,3,0,3,,,pending,2026-10-07 13:40 UTC,
2026-10-05,GLD,20,no_document,,,,,,,UNINFORMATIVE,3,0,3,,,pending,2026-10-07 13:40 UTC,
2026-10-05,SPY,3,no_document,,,,,,,UNINFORMATIVE,3,0,3,,,pending,2026-10-07 13:40 UTC,
2026-10-05,SPY,5,no_document,,,,,,,UNINFORMATIVE,3,0,3,,,pending,2026-10-07 13:40 UTC,
2026-10-05,SPY,20,no_document,,,,,,,UNINFORMATIVE,3,0,3,,,pending,2026-10-07 13:40 UTC,
2026-10-05,TLT,3,no_document,,,,,,,UNINFORMATIVE,3,0,3,,,pending,2026-10-07 13:40 UTC,
2026-10-05,TLT,5,no_document,,,,,,,UNINFORMATIVE,3,0,3,,,pending,2026-10-07 13:40 UTC,
2026-10-05,TLT,20,no_document,,,,,,,UNINFORMATIVE,3,0,3,,,pending,2026-10-07 13:40 UTC,
2026-10-05,UUP,3,no_document,,,,,,,UNINFORMATIVE,3,0,3,,,pending,2026-10-07 13:40 UTC,
2026-10-05,UUP,5,no_document,,,,,,,UNINFORMATIVE,3,0,3,,,pending,2026-10-07 13:40 UTC,
2026-10-05,UUP,20,no_document,,,,,,,UNINFORMATIVE,3,0,3,,,pending,2026-10-07 13:40 UTC,
2026-10-05,USO,3,no_document,,,,,,,UNINFORMATIVE,3,0,3,,,pending,2026-10-07 13:40 UTC,
2026-10-05,USO,5,no_document,,,,,,,UNINFORMATIVE,3,0,3,,,pending,2026-10-07 13:40 UTC,
2026-10-05,USO,20,no_document,,,,,,,UNINFORMATIVE,3,0,3,,,pending,2026-10-07 13:40 UTC,
2026-10-06,GLD,3,no_document,,,,,,,UNINFORMATIVE,3,0,3,,,pending,2026-10-07 13:40 UTC,
2026-10-06,GLD,5,no_document,,,,,,,UNINFORMATIVE,3,0,3,,,pending,2026-10-07 13:40 UTC,
2026-10-06,GLD,20,no_document,,,,,,,UNINFORMATIVE,3,0,3,,,pending,2026-10-07 13:40 UTC,
2026-10-06,SPY,3,no_document,,,,,,,UNINFORMATIVE,3,0,3,,,pending,2026-10-07 13:40 UTC,
2026-10-06,SPY,5,no_document,,,,,,,UNINFORMATIVE,3,0,3,,,pending,2026-10-07 13:40 UTC,
2026-10-06,SPY,20,no_document,,,,,,,UNINFORMATIVE,3,0,3,,,pending,2026-10-07 13:40 UTC,
2026-10-06,TLT,3,no_document,,,,,,,UNINFORMATIVE,3,0,3,,,pending,2026-10-07 13:40 UTC,
2026-10-06,TLT,5,no_document,,,,,,,UNINFORMATIVE,3,0,3,,,pending,2026-10-07 13:40 UTC,
2026-10-06,TLT,20,no_document,,,,,,,UNINFORMATIVE,3,0,3,,,pending,2026-10-07 13:40 UTC,
2026-10-06,UUP,3,no_document,,,,,,,UNINFORMATIVE,3,0,3,,,pending,2026-10-07 13:40 UTC,
2026-10-06,UUP,5,no_document,,,,,,,UNINFORMATIVE,3,0,3,,,pending,2026-10-07 13:40 UTC,
2026-10-06,UUP,20,no_document,,,,,,,UNINFORMATIVE,3,0,3,,,pending,2026-10-07 13:40 UTC,
2026-10-06,USO,3,no_document,,,,,,,UNINFORMATIVE,3,0,3,,,pending,2026-10-07 13:40 UTC,
2026-10-06,USO,5,no_document,,,,,,,UNINFORMATIVE,3,0,3,,,pending,2026-10-07 13:40 UTC,
2026-10-06,USO,20,no_document,,,,,,,UNINFORMATIVE,3,0,3,,,pending,2026-10-07 13:40 UTC,
2026-10-07,GLD,3,no_document,,,,,,,UNINFORMATIVE,3,0,3,,,pending,2026-10-08 07:02 UTC,
2026-10-07,GLD,5,no_document,,,,,,,UNINFORMATIVE,3,0,3,,,pending,2026-10-08 07:02 UTC,
2026-10-07,GLD,20,no_document,,,,,,,UNINFORMATIVE,3,0,3,,,pending,2026-10-08 07:02 UTC,
2026-10-07,SPY,3,no_document,,,,,,,UNINFORMATIVE,3,0,3,,,pending,2026-10-08 07:02 UTC,
2026-10-07,SPY,5,no_document,,,,,,,UNINFORMATIVE,3,0,3,,,pending,2026-10-08 07:02 UTC,
2026-10-07,SPY,20,no_document,,,,,,,UNINFORMATIVE,3,0,3,,,pending,2026-10-08 07:02 UTC,
2026-10-07,TLT,3,no_document,,,,,,,UNINFORMATIVE,3,0,3,,,pending,2026-10-08 07:02 UTC,
2026-10-07,TLT,5,no_document,,,,,,,UNINFORMATIVE,3,0,3,,,pending,2026-10-08 07:02 UTC,
2026-10-07,TLT,20,no_document,,,,,,,UNINFORMATIVE,3,0,3,,,pending,2026-10-08 07:02 UTC,
2026-10-07,UUP,3,no_document,,,,,,,UNINFORMATIVE,3,0,3,,,pending,2026-10-08 07:02 UTC,
2026-10-07,UUP,5,no_document,,,,,,,UNINFORMATIVE,3,0,3,,,pending,2026-10-08 07:02 UTC,
2026-10-07,UUP,20,no_document,,,,,,,UNINFORMATIVE,3,0,3,,,pending,2026-10-08 07:02 UTC,
2026-10-07,USO,3,no_document,,,,,,,UNINFORMATIVE,3,0,3,,,pending,2026-10-08 07:02 UTC,
2026-10-07,USO,5,no_document,,,,,,,UNINFORMATIVE,3,0,3,,,pending,2026-10-08 07:02 UTC,
2026-10-07,USO,20,no_document,,,,,,,UNINFORMATIVE,3,0,3,,,pending,2026-10-08 07:02 UTC,
