z,asset,est,H,n,short,stat,p_match,p_rot,pool
1.0,SPY,E1,1,70,0,0.0004312568796978537,0.8020395920815837,0.7638472305538893,16
1.0,SPY,E1,5,69,1,0.003694249031915507,0.0001999600079984003,0.8762247550489902,11
1.0,SPY,E1,10,69,1,0.006330695244052462,0.0001999600079984003,0.47430513897220555,7
1.0,SPY,E1,20,68,2,0.01454120219208406,,,0
1.0,SPY,E2,1,70,0,-0.002129776598273419,0.06418716256748651,0.09018196360727855,16
1.0,SPY,E2,5,69,1,-0.00441501320023426,0.0007998400319936012,0.0593881223755249,11
1.0,SPY,E2,10,69,1,0.00016999897183378343,0.0001999600079984003,0.9688062387522496,7
1.0,SPY,E2,20,68,2,0.0015205259862415429,,,0
1.0,DEF(TLT+GLD)-SPY,E1,1,70,0,0.0014683053223046511,0.3191361727654469,0.19976004799040192,11
1.0,DEF(TLT+GLD)-SPY,E1,5,69,1,0.0011277010482499952,0.0021995600879824036,0.1889622075584883,10
1.0,DEF(TLT+GLD)-SPY,E1,10,69,1,-0.0003350790813206473,0.0001999600079984003,0.4501099780043991,21
1.0,DEF(TLT+GLD)-SPY,E1,20,68,2,-0.005028757059670337,,,0
1.0,DEF(TLT+GLD)-SPY,E2,1,70,0,0.0010717867493094946,0.8518296340731853,0.4185162967406519,11
1.0,DEF(TLT+GLD)-SPY,E2,5,69,1,0.0017219382617963467,0.09078184363127374,0.7694461107778444,10
1.0,DEF(TLT+GLD)-SPY,E2,10,69,1,0.0016094669538759675,0.08398320335932813,0.9114177164567087,21
1.0,DEF(TLT+GLD)-SPY,E2,20,68,2,0.006906208180475774,,,0
1.5,SPY,E1,1,37,0,0.0010296311776891696,0.999000199960008,0.876624675064987,24
1.5,SPY,E1,5,37,0,0.0026766259434801666,0.624875024995001,0.6652669466106779,12
1.5,SPY,E1,10,37,0,0.004618231853986035,0.0001999600079984003,0.4143171365726855,10
1.5,SPY,E1,20,36,1,0.015643497630351645,,,0
1.5,SPY,E2,1,37,0,-0.00286988757520361,0.027194561087782444,0.1307738452309538,24
1.5,SPY,E2,5,37,0,-0.0038771317081292096,0.022595480903819236,0.26754649070185965,12
1.5,SPY,E2,10,37,0,0.0035683605975025167,0.5148970205958808,0.4437112577484503,10
1.5,SPY,E2,20,36,1,0.005819484868715335,,,0
1.5,DEF(TLT+GLD)-SPY,E1,1,37,0,6.455787732996918e-05,0.7140571885622875,0.850629874025195,22
1.5,DEF(TLT+GLD)-SPY,E1,5,37,0,0.004465917871764531,0.0007998400319936012,0.08418316336732654,13
1.5,DEF(TLT+GLD)-SPY,E1,10,37,0,0.005963420011108208,0.0001999600079984003,0.05398920215956809,8
1.5,DEF(TLT+GLD)-SPY,E1,20,36,1,0.0005868612813567784,,,0
1.5,DEF(TLT+GLD)-SPY,E2,1,37,0,0.002235311916870051,0.1829634073185363,0.20795840831833634,22
1.5,DEF(TLT+GLD)-SPY,E2,5,37,0,-0.0025036175284255608,0.3987202559488102,0.34953009398120377,13
1.5,DEF(TLT+GLD)-SPY,E2,10,37,0,-0.007619885185911873,0.03259348130373925,0.08758248350329934,8
1.5,DEF(TLT+GLD)-SPY,E2,20,36,1,-0.004757153672899505,,,0
2.0,SPY,E1,1,14,0,0.0037299629782018033,0.34833033393321333,0.21735652869426114,36
2.0,SPY,E1,5,14,0,-0.0025958977183068617,0.07578484303139373,0.1807638472305539,30
2.0,SPY,E1,10,14,0,0.0014299433298308722,0.07098580283943211,0.3275344931013797,16
2.0,SPY,E1,20,14,0,0.01640638332834398,0.21675664867026595,0.8992201559688062,11
2.0,SPY,E2,1,14,0,-0.006137187844669251,0.003599280143971206,0.033793241351729654,36
2.0,SPY,E2,5,14,0,-0.009028154059846114,0.033993201359728054,0.09978004399120176,30
2.0,SPY,E2,10,14,0,-0.003512372570586782,0.21115776844631073,0.6510697860427914,16
2.0,SPY,E2,20,14,0,0.004017503933287981,0.8336332733453309,0.7390521895620876,11
2.0,DEF(TLT+GLD)-SPY,E1,1,14,0,-0.001968774707573178,0.526494701059788,0.5780843831233753,26
2.0,DEF(TLT+GLD)-SPY,E1,5,14,0,0.007416165801521623,0.020395920815836834,0.1367726454709058,23
2.0,DEF(TLT+GLD)-SPY,E1,10,14,0,0.0120556855726874,0.0001999600079984003,0.1187762447510498,27
2.0,DEF(TLT+GLD)-SPY,E1,20,14,0,-0.0007420640982733642,0.13777244551089782,0.7544491101779645,18
2.0,DEF(TLT+GLD)-SPY,E2,1,14,0,0.008425388199810717,0.0009998000399920016,0.009398120375924815,26
2.0,DEF(TLT+GLD)-SPY,E2,5,14,0,-0.0011700708968747243,0.6702659468106379,0.7310537892421516,23
2.0,DEF(TLT+GLD)-SPY,E2,10,14,0,-0.007279102582872712,0.2705458908218356,0.3169366126774645,27
2.0,DEF(TLT+GLD)-SPY,E2,20,14,0,0.0017066400572530761,0.7094581083783243,0.9130173965206959,18
2.5,SPY,E1,1,7,0,0.01049312166092232,0.015596880623875225,0.01999600079984003,34
2.5,SPY,E1,5,7,0,0.006089410720384346,0.7306538692261547,0.7894421115776845,37
2.5,SPY,E1,10,7,0,0.019116613591128633,0.40371925614877024,0.261747650469906,25
2.5,SPY,E1,20,7,0,0.0262154999384143,0.9718056388722256,0.41451709658068386,19
2.5,SPY,E2,1,7,0,-0.01079335167339914,0.0003999200159968006,0.013597280543891222,34
2.5,SPY,E2,5,7,0,-0.006358039039839008,0.21635672865426914,0.3685262947410518,37
2.5,SPY,E2,10,7,0,0.0026024849175604247,0.7164567086582684,0.7898420315936813,25
2.5,SPY,E2,20,7,0,-0.0018074920086244858,0.5694861027794441,0.878624275144971,19
2.5,DEF(TLT+GLD)-SPY,E1,1,7,0,-0.007370751124831834,0.05118976204759048,0.09618076384723055,22
2.5,DEF(TLT+GLD)-SPY,E1,5,7,0,0.0052007574712662095,0.19816036792641473,0.4947010597880424,22
2.5,DEF(TLT+GLD)-SPY,E1,10,7,0,0.0014227869247850663,0.16136772645470907,0.7304539092181563,22
2.5,DEF(TLT+GLD)-SPY,E1,20,7,0,0.004332601368181788,0.14817036592681462,0.6136772645470906,21
2.5,DEF(TLT+GLD)-SPY,E2,1,7,0,0.026525691027357728,0.0001999600079984003,0.0001999600079984003,22
2.5,DEF(TLT+GLD)-SPY,E2,5,7,0,0.024130162530509116,0.001799640071985603,0.020995800839832032,22
2.5,DEF(TLT+GLD)-SPY,E2,10,7,0,0.022550106685141163,0.1897620475904819,0.09338132373525294,22
2.5,DEF(TLT+GLD)-SPY,E2,20,7,0,0.027940632390685203,0.0021995600879824036,0.19096180763847231,21
