firm,date,ann
TSLA,2011-08-03,-0.04256759273743561
TSLA,2011-11-02,0.07518943258718601
TSLA,2012-02-15,0.020340827389015843
TSLA,2012-05-09,0.09234987378034605
TSLA,2012-07-25,-0.07848554004949773
TSLA,2012-11-05,0.06026867466024908
TSLA,2013-02-20,-0.08118543091383458
TSLA,2013-05-08,0.21810038540127558
TSLA,2013-08-07,0.05842685819725223
TSLA,2013-11-05,-0.16271271140860066
TSLA,2014-02-19,0.017232069856399555
TSLA,2014-05-09,0.010664776687022476
TSLA,2014-07-31,0.055612277933928644
TSLA,2014-11-05,-0.011664247165090876
TSLA,2015-02-11,-0.07925870050826234
TSLA,2015-05-06,0.0167068094274688
TSLA,2015-08-05,-0.07273951473217265
TSLA,2015-11-03,0.07869696830362163
TSLA,2016-02-10,0.032244602066265345
TSLA,2016-05-04,-0.08456554320330209
TSLA,2016-08-03,0.011637945021058102
TSLA,2016-10-26,0.014855417085957504
TSLA,2017-02-22,-0.08093399205085901
TSLA,2017-05-03,-0.07663917288248107
TSLA,2017-08-02,0.08395628748412699
TSLA,2017-11-01,-0.10433420895328865
TSLA,2018-02-07,-0.012915947058580898
TSLA,2018-05-02,-0.0398317400032572
TSLA,2018-08-01,0.15780357047905244
TSLA,2018-10-24,0.09005958837585253
TSLA,2019-01-30,-0.00026627383424498096
TSLA,2019-04-24,-0.05744030033616623
TSLA,2019-07-24,-0.1281155950279209
TSLA,2019-10-23,0.15471232578437738
TSLA,2020-01-29,0.11905817546209352
TSLA,2020-04-29,-0.013151574520459624
TSLA,2020-07-22,-0.04154354030247512
TSLA,2020-10-21,-0.010927590496732038
TSLA,2021-01-27,-0.04847591372304532
TSLA,2021-04-26,-0.04432623324327244
TSLA,2021-07-26,0.006073234765636312
TSLA,2021-10-20,0.021183665378552284
TSLA,2022-01-26,-0.08862898525136464
TSLA,2022-04-20,0.00507760275679151
TSLA,2022-07-20,0.06689941237778103
TSLA,2022-10-19,-0.03332446596557174
TSLA,2023-01-25,0.0937379620368591
TSLA,2023-04-19,-0.1073876472750143
TSLA,2023-07-19,-0.10057291689470998
TSLA,2023-10-18,-0.10091735654658217
TSLA,2024-01-24,-0.1479413853784361
TSLA,2024-04-23,0.11405338299137878
TSLA,2024-07-23,-0.09818523986213079
TSLA,2024-10-23,0.19918934669689178
TSLA,2025-01-29,0.0016670729912936643
TSLA,2025-04-22,-0.0013566278370486485
TSLA,2025-07-23,-0.10279916607750846
TSLA,2025-10-22,0.009877278542012901
TSLA,2026-01-28,-0.02733248174190106
TSLA,2026-04-22,-0.04480356309360865
TSLA,2026-07-22,-0.13747228160510758
NVDA,2002-05-22,-0.055942366196052494
NVDA,2002-08-15,0.09546350271629109
NVDA,2002-11-07,-0.2649561189795833
NVDA,2003-02-13,0.1718503784340064
NVDA,2003-05-08,0.28910415541412493
NVDA,2003-08-07,-0.25825304957539746
NVDA,2003-11-06,0.18575214214685143
NVDA,2004-02-12,-0.026077667848719333
NVDA,2004-05-06,0.06792883734716432
NVDA,2004-08-05,-0.4016964834107429
NVDA,2004-11-04,0.10063352759904341
NVDA,2005-02-17,0.11511844584764815
NVDA,2005-05-12,0.1715183612036218
NVDA,2005-08-11,0.07080960028708846
NVDA,2005-11-09,-0.010056499034978227
NVDA,2006-02-16,0.044654960497481376
NVDA,2006-05-11,-0.09471980195273084
NVDA,2006-11-09,0.005127973986335418
NVDA,2007-02-13,-0.03855528945423222
NVDA,2007-05-10,0.05821145315462611
NVDA,2007-08-09,0.02437464048099809
NVDA,2007-11-08,-0.0528254269630622
NVDA,2008-02-13,-0.1472787462980251
NVDA,2008-05-08,0.030511451872515576
NVDA,2008-08-12,0.12427518688955977
NVDA,2008-11-06,0.05940926748678917
NVDA,2009-02-10,-0.12431848629468976
NVDA,2009-05-07,-0.22301460013229316
NVDA,2009-08-06,0.00921828792544121
NVDA,2009-11-05,0.06396225049422455
NVDA,2010-02-17,-0.07545730849088764
NVDA,2010-05-13,-0.08009737443167504
NVDA,2010-08-12,0.07587958603265801
NVDA,2010-11-11,0.06439126412082687
NVDA,2011-02-16,0.11867071274633503
NVDA,2011-05-12,-0.08379102972697502
NVDA,2011-08-11,-0.035001820608811504
NVDA,2011-11-10,-0.000534401995561572
NVDA,2012-02-15,0.006302415999609707
NVDA,2012-05-11,0.08102294578307632
NVDA,2012-08-09,0.025013945592031354
NVDA,2012-11-08,-0.016470963970314677
NVDA,2013-02-13,0.024887426290013445
NVDA,2013-05-09,0.045737149343579114
NVDA,2013-08-08,-0.00699269655728328
NVDA,2013-11-07,0.04249559788762789
NVDA,2014-02-12,0.06078183509683906
NVDA,2014-05-08,-0.013930147386311187
NVDA,2014-08-07,0.06735898802010376
NVDA,2014-11-06,-0.02423946825366852
NVDA,2015-02-11,0.04811879170764433
NVDA,2015-05-07,-0.08300730421081859
NVDA,2015-08-06,0.12307367667295331
NVDA,2015-11-05,0.1164352036152029
NVDA,2016-02-17,0.09030507196559144
NVDA,2016-05-12,0.13168904786596058
NVDA,2016-08-11,0.06368980024803471
NVDA,2016-11-10,0.21293338720792312
NVDA,2017-02-09,-0.06308633882616359
NVDA,2017-05-09,0.1575700201155932
NVDA,2017-08-10,-0.08279218603557605
NVDA,2017-11-09,0.03374272749127807
NVDA,2018-02-08,0.06502336960438422
NVDA,2018-05-10,-0.03270473065690735
NVDA,2018-08-16,-0.07813317964802079
NVDA,2018-11-15,-0.207656373834132
NVDA,2019-02-14,0.015645051038065523
NVDA,2019-05-16,-0.020432737421938078
NVDA,2019-08-15,0.029426742199903225
NVDA,2019-11-14,-0.03706893878477707
NVDA,2020-02-13,0.059275286247564826
NVDA,2020-05-21,0.006882437827357276
NVDA,2020-08-19,-0.014920642672726822
NVDA,2020-11-18,0.006595161694915858
NVDA,2021-02-24,-0.046721329425191506
NVDA,2021-05-26,-0.014854920062963177
NVDA,2021-08-18,0.03327109800413165
NVDA,2021-11-17,0.04136858826776342
NVDA,2022-02-16,-0.032149250022133403
NVDA,2022-05-25,0.03188213544322583
NVDA,2022-08-24,0.002608965859640294
NVDA,2022-11-16,-0.03536112841613913
NVDA,2023-02-22,0.12845468233449955
NVDA,2023-05-24,0.20794412678150967
NVDA,2023-08-23,0.031819415482007424
NVDA,2023-11-21,-0.044285998921640264
NVDA,2024-02-21,0.0722790858032974
NVDA,2024-05-22,0.10481355480817156
NVDA,2024-08-28,-0.07502221080218792
NVDA,2024-11-20,-0.02043723567679981
NVDA,2025-02-26,-0.010253170472108499
NVDA,2025-05-28,0.031017957812412667
NVDA,2025-08-27,-0.020364366958610183
NVDA,2025-11-19,0.01706416198604947
NVDA,2026-02-25,-0.04819205593016124
NVDA,2026-05-20,-0.02744835562335247
MSFT,2002-01-17,-0.034761374484806436
MSFT,2002-04-18,0.011349861378743213
MSFT,2002-07-18,0.051771466052039
MSFT,2002-10-17,0.01991251538389806
MSFT,2003-01-16,-0.06527005253760651
MSFT,2003-04-15,0.014487084031752084
MSFT,2003-07-17,-0.01740011265091258
MSFT,2003-10-23,-0.08227636344676453
MSFT,2004-01-22,0.015497775732898556
MSFT,2004-04-22,0.06362297431167627
MSFT,2004-07-22,-0.023310376592099415
MSFT,2004-10-21,-0.02927199450819447
MSFT,2005-01-27,0.005147204187312135
MSFT,2005-04-28,0.011247944704725796
MSFT,2005-07-21,-0.020277711738305955
MSFT,2005-10-27,0.01412236481478868
MSFT,2006-01-26,0.039697168843559116
MSFT,2006-04-27,-0.12175756969434416
MSFT,2006-07-20,0.030491975880418746
MSFT,2006-10-26,0.003496595516923777
MSFT,2007-01-25,-0.006744814117752624
MSFT,2007-04-26,0.03847690878384329
MSFT,2007-07-19,0.01316244508568786
MSFT,2007-10-25,0.10311224938529366
MSFT,2008-01-24,0.0360305511691348
MSFT,2008-04-24,-0.06640448476189004
MSFT,2008-07-17,-0.06753338167326098
MSFT,2008-10-23,0.05790058791924925
MSFT,2009-01-22,-0.10814634431302021
MSFT,2009-04-23,0.08444687162694729
MSFT,2009-07-23,-0.08292418625499062
MSFT,2009-10-23,0.09881182723416622
MSFT,2010-01-28,-0.034941459725546034
MSFT,2010-04-22,-0.021182662000601232
MSFT,2010-07-22,0.003014017023612665
MSFT,2010-10-28,0.024202391457225046
MSFT,2011-01-27,-0.02217351081881312
MSFT,2011-04-28,-0.020903840572966053
MSFT,2011-07-21,0.004633227273299264
MSFT,2011-10-20,-0.01903457066374566
MSFT,2012-01-19,0.04335038201002344
MSFT,2012-04-19,0.04295850709839526
MSFT,2012-07-19,-0.006152294465380844
MSFT,2012-10-18,-0.013854341153788563
MSFT,2013-01-24,0.004793895728233136
MSFT,2013-04-18,0.03130242419434146
MSFT,2013-07-18,-0.13477407716927364
MSFT,2013-10-24,0.049365863638969124
MSFT,2014-01-23,0.051646123500450745
MSFT,2014-04-24,0.01092963294372054
MSFT,2014-07-22,-0.0072693373141783845
MSFT,2014-10-23,0.018029216303625556
MSFT,2015-01-26,-0.09003651767001498
MSFT,2015-04-23,0.10294369833785101
MSFT,2015-07-21,-0.02324315577119287
MSFT,2015-10-22,0.07963404101053778
MSFT,2016-01-28,0.03608086574291103
MSFT,2016-04-21,-0.06719228643700133
MSFT,2016-07-19,0.030097284943373732
MSFT,2016-10-20,0.036927348788883416
MSFT,2017-01-26,0.03621353542575219
MSFT,2017-04-27,0.009585944382222003
MSFT,2017-07-20,-0.001556626036179803
MSFT,2017-10-26,0.05234038500171272
MSFT,2018-01-31,0.016253256475127487
MSFT,2018-04-26,0.020322693189684722
MSFT,2018-07-19,0.01647609436039967
MSFT,2018-10-24,0.018443804287376395
MSFT,2019-01-30,-0.022535387633480237
MSFT,2019-04-24,0.032062428995001904
MSFT,2019-07-18,0.00394632852527348
MSFT,2019-10-23,0.018893257179647467
MSFT,2020-01-29,0.039164687105071684
MSFT,2020-04-29,0.032581760378924705
MSFT,2020-07-22,-0.025739363995347108
MSFT,2020-10-27,0.0058661595510788095
MSFT,2021-01-26,0.04407594528784869
MSFT,2021-04-27,-0.02649411916612883
MSFT,2021-07-27,-0.00303896224115478
MSFT,2021-10-26,0.05180766587648632
MSFT,2022-01-25,0.0183443759718341
MSFT,2022-04-26,0.04223920167833705
MSFT,2022-07-26,0.020412154275998177
MSFT,2022-10-25,-0.07623636659821245
MSFT,2023-01-24,-0.006520953654358915
MSFT,2023-04-25,0.07203201918591703
MSFT,2023-07-25,-0.026577609300823084
MSFT,2023-10-24,0.04201021406747481
MSFT,2024-01-30,-0.01238123439362709
MSFT,2024-04-25,-0.01399409824093802
MSFT,2024-07-30,-0.03319007014423128
MSFT,2024-10-30,-0.034654477713506666
MSFT,2025-01-29,-0.07408387105145044
MSFT,2025-04-30,0.07051698437940664
MSFT,2025-07-30,0.04439013412695657
MSFT,2025-10-29,-0.021537003863766013
MSFT,2026-01-28,-0.10121513527903625
MSFT,2026-04-29,-0.058810591477078594
MSFT,2026-07-29,0.14003917911558142
