peer,comp,n,stat,p1,p2,is_announcer
TSM,GAP,96,0.0019396304602900954,0.17376524695060988,0.1785642871425715,False
TSM,INTRA_LA,96,0.005942857789106558,0.0005998800239952009,0.0001999600079984003,False
TSM,INTRA,96,0.002354734422429836,0.18496300739852028,0.15476904619076184,False
TSM,NEXT,96,0.0006883331345133477,0.7118576284743051,0.4559088182363527,False
ASML,GAP,96,0.0037347334875808443,0.004599080183963208,0.002599480103979204,False
ASML,INTRA_LA,96,0.0053752606364419865,0.0005998800239952009,0.0003999200159968006,False
ASML,INTRA,96,0.0003174891677881833,0.8600279944011198,0.7970405918816237,False
ASML,NEXT,96,0.00096347506121658,0.6500699860027994,0.5796840631873625,False
MU,GAP,96,0.005975581011294563,0.0001999600079984003,0.0001999600079984003,False
MU,INTRA_LA,96,0.005274114958771641,0.021795640871825634,0.015396920615876825,False
MU,INTRA,96,-0.0020988262651867816,0.3609278144371126,0.48370325934813035,False
MU,NEXT,96,0.0013565581550090595,0.6136772645470906,0.6074785042991402,False
INTC,GAP,96,0.0003570466475881553,0.7230553889222155,0.8124375124975005,False
INTC,INTRA_LA,96,0.001841244124544554,0.1785642871425715,0.09878024395120975,False
INTC,INTRA,96,-0.0013287439197329197,0.34013197360527897,0.6328734253149371,False
INTC,NEXT,96,0.0005725483401884517,0.7500499900019996,0.7576484703059388,False
SOXX,GAP,96,0.004160694088001579,0.0001999600079984003,0.0001999600079984003,False
SOXX,INTRA_LA,96,0.005977760704242954,0.0001999600079984003,0.0003999200159968006,False
SOXX,INTRA,96,-0.0008894377672118819,0.5890821835632873,0.735252949410118,False
SOXX,NEXT,96,0.0018364811499683685,0.20475904819036192,0.17696460707858427,False
SMH,GAP,96,0.004856103870932784,0.0001999600079984003,0.0001999600079984003,False
SMH,INTRA_LA,96,0.004547477437540669,0.001999600079984003,0.0011997600479904018,False
SMH,INTRA,96,-0.0014245234656712485,0.3547290541891622,0.4117176564687063,False
SMH,NEXT,96,0.001496771600029616,0.2725454909018196,0.23955208958208357,False
XSD,GAP,81,0.004108530652298231,0.0001999600079984003,0.0001999600079984003,False
XSD,INTRA_LA,81,0.003387121550181377,0.04359128174365127,0.025994801039792043,False
XSD,INTRA,81,-0.002301234414745212,0.1867626474705059,0.33673265346930614,False
XSD,NEXT,81,0.0006093067556003527,0.7164567086582684,0.7488502299540092,False
NVDA,GAP,96,0.04787934178804828,0.0001999600079984003,0.0001999600079984003,True
NVDA,INTRA_LA,96,0.02319489226307452,0.0001999600079984003,0.0001999600079984003,True
NVDA,INTRA,96,0.00012392791502743977,0.9756048790241951,0.8734253149370126,True
NVDA,NEXT,96,0.0018019771699200546,0.6642671465706859,0.5158968206358728,True
